<configuration>
	<contextName>logback</contextName>
	<appender name="STDOUT"
		class="ch.qos.logback.core.ConsoleAppender">
		<encoder>
			<pattern>%d{HH:mm:ss.SSS} [%thread] %-5level %logger{0} -%msg%n
			</pattern>
		</encoder>
	</appender>

	<!-- <appender name="FILE" class="ch.qos.logback.core.FileAppender"> 
		<file>175db5fcc6868fca.log</file> 
		<append>true</append> 
		<encoder> 
			<pattern>%msg%n</pattern> 
		</encoder> 
	</appender> 
	
	<logger name="27a6276e27116abd">
		<level value="debug"></level>
		<appender-ref ref="FILE"></appender-ref>
	</logger>-->

	<logger name="com.hsbc" additivity="false">
		<level value="off"></level>
		<appender-ref ref="STDOUT"></appender-ref>
	</logger>

	<root level="off">
		<appender-ref ref="STDOUT"></appender-ref>
	</root>
</configuration>